Position_X,Position_Y,Position_Z,Velocity_X,Velocity_Y,Velocity_Z,f_predicted_X,f_predicted_Y,f_predicted_Z
-1.6213824875356,0.0980198940408634,2.64906287193298,-1.50210389125839,0.633293558962994,-0.0508368760347366,-0.09140590287745,0.135049345791341,9.67110706329346
-1.53874876740078,-2.00791221562216,2.67418432235718,1.4771702500202,0.587690968430288,-0.208023503422737,-0.0887514434754849,0.171446416229011,9.75199485778809
4.42489362577853,-2.45367371283393,2.93078470230103,-1.47645198733626,0.430895312454472,-0.381533801555634,-0.0880445314198732,0.189679189920427,9.74381281852722
8.86584000662672,-0.557925805835489,2.90300726890564,0.0008470887684878,-0.833013173041334,-0.371310204267502,-0.0337576366215944,0.114704725891353,9.76427946090698
8.50896476243767,0.270206042405788,2.88912987709045,0.464443746605244,-0.613506781938608,-0.317221462726593,-0.0450494111329317,0.105499665588142,9.69591086387634
2.75818974395555,-2.03646238073102,2.68238806724548,-1.58787115257097,0.80313981464296,-0.125599294900894,-0.104258307889104,0.156073463112117,9.81113286018372
-6.04844633053143,-2.54888168129589,2.97708749771118,0.632756830764566,-0.481846722443618,-0.416614443063736,-0.0967051649838686,0.105032048374415,9.69159059524536
4.29377849700564,-2.50152513705815,2.93290519714355,-1.40330212109571,0.553634083993152,-0.325048506259918,-0.0696849640458822,0.159154498130084,9.73099235534668
2.76039244107089,-3.22237522218124,2.44599390029907,-5.62579184965869,2.23369949740552,0.290651112794876,-0.272530970275402,0.614612882733345,9.43800521850586
6.84402211812835,-2.7935223669812,2.98728227615356,-1.05183227797557,-0.11622871723199,-0.40757828950882,-0.0581140870600939,0.134835257232191,9.68387930870056
17.1046072284807,-3.26782314221661,2.01383566856384,0.602326653011877,-1.40225363500232,-0.939888417720795,-0.15989755243063,-0.118172903433441,10.4615552997589
-5.17680310537417,0.863695460459874,2.92558145523071,-0.999058150608669,-0.053804768032821,-0.38872966170311,-0.0773400728404522,0.130175426602365,9.70458152770996
5.90792629056006,-2.92727749269368,2.90774607658386,-1.30307953860139,0.187156693287009,-0.295165538787842,-0.063356331884861,0.14527967810631,9.75666927337647
-1.48112247517715,0.0452687360293768,2.63359308242798,-1.51335432268709,0.650743972803548,-0.0426053665578365,-0.0943889120221138,0.135446562916042,9.69130373001099
9.00874416991559,-1.44941641467437,2.73984527587891,-0.301553653706813,-0.777415272961217,-0.145223543047905,-0.0888171523809433,0.0612253461405646,9.78770986557007
-20.1484888450282,-2.03290719436978,1.34798419475555,3.4001779310959,1.23796959482953,0.698789775371552,-0.323301343619823,0.277291770577432,10.4789481735229
-4.37667464871996,-2.86930736784858,3.03096079826355,1.01897362919439,-0.0065846645789454,-0.441267728805542,-0.100070670098066,0.115328437089921,9.64868175506592
-6.71371639862932,-1.66061266260481,2.53218078613281,0.235374045459499,-0.820939109938417,-0.0180766247212887,-0.0267450062558055,0.0384171710535896,9.84320525169373
-5.6086051983207,-2.7877503499931,2.61079955101013,0.898727480764002,-0.237452638628743,-0.218881592154503,-0.0797807167470455,0.0852713648974907,9.8448427772522
-6.08601459755682,0.481130534082981,2.76467990875244,-0.727035277828898,-0.421904134592301,-0.195430055260658,-0.0729785457998514,0.0733701694756757,9.77040782928467
-6.16512432549924,0.494817041646207,2.90064001083374,-0.731488008408698,-0.418916355861445,-0.387237936258316,-0.0828015037998557,0.106394043713809,9.77137124061584
8.62134910628015,0.172089250898519,2.78069472312927,0.405782281279237,-0.630165946409082,-0.206478387117386,-0.0797393661737442,0.0615863853320491,9.82681990623474
-6.78995996772019,-0.364226426863454,2.76804184913635,-0.366048466186108,-0.80469876266209,-0.183363452553749,-0.086308862939477,0.0782239120453607,9.73882919311524
7.63798479020645,-2.62161293473883,2.94090247154236,-0.850236582944396,-0.307633300893911,-0.368275314569473,-0.0491974045336246,0.120288315266372,9.67777773857117
3.23890970601169,0.220235492184073,2.7303786277771,1.5022105963283,0.613361492135447,-0.25223171710968,-0.102779014632106,0.197929168045522,9.80123441696167
-3.7915011672142,0.831565126776826,2.76627588272095,-1.29955755432589,0.288916351967647,-0.234355166554451,-0.0726998841017485,0.115653773546221,9.88859755516052
8.361872640638,-2.13644963859197,2.89961767196655,-0.477047746121905,-0.6431486221268,-0.32911804318428,-0.0561360298469663,0.106099650412799,9.71031992912293
3.98439004438308,-3.70949183536574,2.34527397155762,-5.58707952483921,1.90282757745503,0.366081714630127,-0.299491480886936,0.592670808434487,9.62803625106812
-6.65576149054731,-1.78186762555285,2.53780674934387,0.29234001295241,-0.791912818586092,-0.0140887880697846,-0.0273775526322425,0.0343474859371794,9.82228708267212
-26.8063811359253,-4.53393798346455,2.22571206092834,0.55266373827033,0.135838644673311,-0.888408780097961,0.00862829321995376,0.134534422308207,7.60155237197876
-2.75337881462602,0.500041715589783,2.86053657531738,-1.38330764593281,0.520851765486903,-0.288155138492584,-0.0817523544281721,0.144224954843523,9.74339829444885
-6.13372617786921,-2.5259890386663,2.66157841682434,0.651065895486365,-0.459286925001413,-0.253933638334274,-0.0720916198194027,0.0704861310124408,9.76886973381042
9.04885010773818,-1.02229298927171,2.74609303474426,-0.071015122025254,-0.798098864675047,-0.144060373306274,-0.0995643273741007,0.0633241556957375,9.76314349174499
1.15285599865786,-2.45865522061043,2.56885719299316,-5.50681129310903,2.63486319984188,0.138330563902855,-0.228790901005268,0.623016762137413,9.25994653701782
8.21687565383875,0.514710379402157,2.85262584686279,0.626409761012272,-0.529968224315119,-0.32028004527092,-0.050209585390985,0.111394159644844,9.76966073036194
-4.7451189967576,-2.8760991694287,2.77293992042541,1.01924034431269,-0.149009832460652,-0.180833220481873,-0.102060867547989,0.0869925367832195,9.68780206680298
8.72998667109014,-1.90307409435055,2.93638849258423,-0.485323264400072,-0.68293542754463,-0.351980894804001,-0.0443174715340138,0.0762000121176254,9.83108543395996
4.91586063917599,0.570354973730231,2.70939207077026,1.37240774193865,0.435577204895841,-0.126554846763611,-0.0995684238523245,0.145940560102464,9.82414939880371
4.28166034753813,0.612252947279719,2.70505404472351,1.41389319500654,0.49743706037331,-0.204388350248337,-0.0990147098898889,0.186054498851301,9.79118655204773
1.97634830600466,-0.452517553515824,2.909512758255,1.54932807027916,0.712575052179221,-0.34710431098938,-0.109974826723337,0.179070936441423,9.80991419792175
-10.0900912312711,0.385769520632278,3.75274252891541,6.30906960094463,1.13774551347512,1.36327421665192,-0.684823125600815,0.147121583744885,9.81613361358643
6.96312743042592,-2.9538419189385,2.74334740638733,-1.18018710128266,-0.0558511181684015,-0.183710008859634,-0.111351162344217,0.0944667401164782,9.83221642494202
4.27394759565768,0.380279014187907,2.70778727531433,1.4763396676255,0.509162141144607,-0.167290657758713,-0.0988023395091295,0.156682685613634,9.87544146537781
6.96312743042592,-2.9538419189385,2.74334740638733,-1.18018710128266,-0.0558511181684015,-0.183710008859634,-0.111351162344217,0.0944667401164782,9.83221642494202
-5.73508787954557,1.78364354421254,2.55657768249512,-0.214040863766379,-0.608858607246425,-0.148950278759003,-0.0824012014269829,0.0274212316423667,9.69893397331238
6.62068733236439,0.965840505398654,2.92837715148926,1.15768893162052,0.0136386084523467,-0.339418977499008,-0.0678909240663052,0.120802656710149,9.79667776107788
5.67941150265737,-2.76023748758605,2.96915483474731,-1.28965705594784,0.174463488452425,-0.433073312044144,-0.0776639687269926,0.158665451258422,9.75333746910095
8.88831693003967,-0.382763876838766,2.73363733291626,0.174743642774893,-0.73137651935369,-0.156672313809395,-0.0901609989255667,0.0541656206548226,9.84297902107239
-6.48068207167475,0.269983278361646,2.91555666923523,-0.59459590336559,-0.513088627935353,-0.368261098861694,-0.0771816651523113,0.103949747532607,9.70712839126587
-2.99875122455521,0.535710470618721,2.71101522445679,-1.40271822683864,0.469992568237017,-0.143309235572815,-0.0798552284389734,0.108415395319463,9.71266349792481
-7.32797195645648,-0.0310562292367726,2.53537511825562,-0.199086947181059,-0.79398533021182,-0.153982490301132,-0.1033389031142,0.0694802091270696,9.84079441070557
8.35790604234126,-2.33922994635877,2.94362926483154,-0.736290536210325,-0.531193086385206,-0.317729383707046,-0.051299252808094,0.0885478881001484,9.73498843193054
8.95541694991682,-0.60462127363482,2.73622703552246,0.0988013483366009,-0.765473399781838,-0.143909215927124,-0.0907039244472981,0.0554980864003312,9.79700737953186
1.95089583645893,-1.5102094463122,2.94387793540955,-1.5997430980893,0.742110901085824,-0.334664016962051,-0.10004825681448,0.17863508552313,9.69680863380432
4.27659036698065,-2.40631332403122,2.92643165588379,-1.48990030475086,0.449918296535535,-0.381287038326263,-0.0883993349969387,0.195120476633311,9.73789018630982
-6.81166562426672,-0.418798273221975,2.76804184913635,-0.341870665919462,-0.816655391873513,-0.18554350733757,-0.0871893578022718,0.0796118380129348,9.72720509529114
-6.28753461442983,0.973116279345624,2.64176917076111,-0.710745674885467,-0.639143816858449,-0.225987941026688,-0.110020352303982,0.0921454519033444,9.68938673973084
-5.35000724889328,0.774293885478732,2.77858781814575,-1.02698776911096,-0.181830821382438,-0.184701576828957,-0.0782561355829239,0.0892811349034321,9.71922706604004
8.50830284874118,-2.19840679725629,2.93833827972412,-0.658591845023506,-0.584835361900921,-0.320643097162247,-0.0457442964985967,0.0849338746070873,9.77788414001465
4.27108317632113,1.04543188737422,5.63243961334229,7.54505335262788,-0.338065976640988,-0.452072203159332,-0.718329676985741,-0.284012980014085,8.01112267494202
8.80127368399302,-1.74856454433629,2.94940900802612,-0.423218453693113,-0.709922649049693,-0.369375199079514,-0.0465385477989912,0.0774553984403621,9.83444925308228
8.012490408763,0.697922422590547,2.80559754371643,0.76926428100829,-0.40769483318292,-0.209573060274124,-0.085973241776228,0.0795543432235728,9.77402019500732
-2.30637826556583,-2.37563523283267,2.74580454826355,1.51508934011876,0.361909912906228,-0.166134521365166,-0.113365195989609,0.150971632152797,9.73552801132202
8.68095616677291,-2.0560083625759,2.72508096694946,-0.619448527953933,-0.624662831192215,-0.136318638920784,-0.0970613603293896,0.0652478167414677,9.79441508293152
0.679961451927392,-0.987843410609565,2.95971059799194,-1.50688071265458,0.852812225105219,-0.415961384773254,-0.0897055828571319,0.21987076163292,9.68447427749634
5.71940702448054,-2.90687062977322,2.91279101371765,-1.31092246559849,0.231834685719458,-0.293363302946091,-0.063071693778038,0.14758055150509,9.74173903465271
-0.714925965383807,-0.22835807284175,2.90828800201416,-1.54959075353003,0.76129548216608,-0.380793213844299,-0.100657770782709,0.211526453047992,9.76486463546753
7.06019668923294,-2.94215009757524,2.74680852890015,-1.15930055992129,-0.082118767174049,-0.186004191637039,-0.114577734768391,0.0941852674633276,9.82176524162293
-5.04326408884247,0.873146982492655,2.92179679870605,-1.04380162591575,-0.0098263378932911,-0.388377219438553,-0.0774354140460491,0.134349162727595,9.70791854858399
-4.80384532001082,-2.87543423736256,2.76843118667603,1.00543567588888,-0.173603218076541,-0.175653010606766,-0.100125830695033,0.0856391149759304,9.69956855773926
-5.40774579527567,-2.82656968469623,2.59773135185242,0.992635837432876,-0.167631171911736,-0.19974310696125,-0.0879027952998877,0.0915155069530022,9.87115895271301
-26.3883554612232,-4.42720954851736,1.71275818347931,1.20039941764897,0.232659128245195,-1.82335317134857,0.0361510801687837,0.224405675828458,7.90112368106842
-0.262193609554402,-0.538635353873071,2.88770461082458,-1.57902263500461,0.76153065448816,-0.321128904819489,-0.0935748337954283,0.175035771578552,9.79672989845276
-0.509218644810744,-0.34397685551764,2.58047914505005,-1.56684482599371,0.781865402326387,-0.0473219007253647,-0.0984552862122655,0.146965236961843,9.84655123710632
8.33785408056119,0.368987684621967,3.0339822769165,0.607813804804717,-0.543338842536355,-0.349969863891602,-0.056451714746654,0.0835327673703443,9.57875369071961
-6.957876252314,-1.15718055638424,2.96381950378418,0.100030228263826,-0.7745585570209,-0.461413711309433,-0.0881406914442778,0.0909508000314247,9.77037439346314
3.77647993939336,-2.40796025542596,2.70620608329773,-1.57050241059644,0.663489671797671,-0.127142950892448,-0.107400750219822,0.145835219323636,9.75905669212341
6.27527074772037,1.08121359378348,2.81902122497559,1.11085822129954,-0.0115758312538696,-0.23430147767067,-0.0659470035135746,0.153295252621175,9.60466982841492
-2.2519489617469,-2.35249719672373,2.74580454826355,1.51997219387582,0.371076799583921,-0.167110681533813,-0.112322776690126,0.152347282320262,9.73732955932617
8.85537284405153,-0.524916731347231,2.90300726890564,0.0207294239519796,-0.824380216245146,-0.373101711273193,-0.0362176528945565,0.113569579720499,9.76052609443665
-5.72407076814163,0.723711638549014,2.92236971855164,-0.848176863436044,-0.256751177910111,-0.392382830381393,-0.0726363465189934,0.120814594477417,9.71755076408386
-7.07599058639738,-1.67661051577996,2.60409903526306,0.391527103978364,-0.701836634610508,-0.156129077076912,-0.0946159731596708,0.0688556127250206,9.68165622711182
-6.90058190433716,-0.825269093317738,2.77173590660095,-0.171445821897096,-0.842472409332536,-0.205102235078812,-0.0866386530548334,0.081226923018695,9.75779915809631
6.22866423830684,0.889879575557652,2.78328847885132,1.23585288275327,0.166140485207071,-0.172284677624702,-0.0935685601830483,0.131829868406059,9.73777625083923
-6.9761660149664,-0.955975546458224,2.99381160736084,0.0167601569485281,-0.744889936841649,-0.462307542562485,-0.0842534671723843,0.0865727721154701,9.70245867729187
-15.5864558921265,-0.68306339226469,2.42112946510315,4.99813667430165,1.32096817883143,1.190065741539,-0.484321922101081,0.308182823807002,10.1913470554352
-7.29359475029384,0.75244637921316,4.34895277023315,6.76953137014425,0.911465926290497,1.29852735996246,-0.732438969016075,0.0246335308253777,9.49423442840576
8.77483080660462,-0.178653874179307,3.01762938499451,0.319447263138149,-0.716996942176355,-0.407449573278427,-0.0557547906041145,0.0730781789124023,9.77516066551208
5.19759291736574,0.932616129083095,2.72826170921326,1.28709641947399,0.333804367507205,-0.203184738755226,-0.0827669849246741,0.174520575255157,9.73162697792053
-3.5010648980844,0.746050271771088,2.78481912612915,-1.31849075366681,0.356169242182215,-0.257204324007034,-0.0729146599024534,0.120921969264747,9.86206727027893
-3.81089649810849,-2.75694187331549,2.65733575820923,1.30553345260183,0.219758609593854,-0.216377690434456,-0.0969349987059832,0.143004217445851,9.7674008846283
-6.81618319717076,-0.568581930585673,2.58492612838745,-0.173888627812505,-0.858914502868144,-0.046242780983448,-0.0549131632596254,0.0447984643280519,9.75673858642578
4.72403328615987,-3.96089062656723,2.29257750511169,-5.52932902665346,1.71980426375219,0.389922142028809,-0.315553362667561,0.571102526783944,9.71320211410522
5.34258897094388,-2.69247024677742,2.94999623298645,-1.34676600318933,0.259844985012955,-0.423612624406815,-0.0776628340035677,0.165612119138241,9.79135671615601
6.0990917489712,1.08320818810651,2.80212759971619,1.14437059051508,0.0511018048533267,-0.216766804456711,-0.0678212908655405,0.157959365844728,9.65792790412903
-4.62843373073702,0.897686120728144,2.75321960449219,-1.21082755978908,0.0251416766405844,-0.179981261491776,-0.0758675666898489,0.105741053372623,9.7829172706604
5.76987162024571,0.809192829243017,2.77500796318054,1.26507048133427,0.265374199688468,-0.154042735695839,-0.0959123963862658,0.137945780903102,9.68118315696716
17.1870224406431,-3.59948916518239,1.78538000583649,0.120840990139058,-1.31866782223134,-0.832066178321838,-0.1634613917768,-0.0735238548740733,10.4414435958862
-0.675923142838803,-1.64309421381453,2.68540382385254,1.47352116001762,0.674201670466997,-0.197982430458069,-0.0945116652548313,0.185819190293552,9.75520473480225
8.08223480160249,0.611251889252406,2.84854340553284,0.685706327948491,-0.495751498894493,-0.330185532569885,-0.045993287153542,0.114191525131465,9.79527569770813
-4.8124393602491,-2.82782833077189,2.6354079246521,1.18596349417131,0.0164473692038561,-0.185819923877716,-0.0919136590510607,0.111855091229083,9.72264914512634
-0.862127453048035,-0.286990817941938,2.8597846031189,-1.54935296726599,0.746958414010094,-0.296844571828842,-0.0936658848077059,0.174755422174932,9.81036056518555
-5.77112169690427,-2.73657437929241,2.63124060630798,0.817116271603368,-0.299481232328251,-0.22782638669014,-0.0760801363736391,0.0766915164887916,9.83352631568909
0.754774176794967,-0.977726915020313,2.92017030715942,-1.60952987075465,0.779360972494577,-0.34263750910759,-0.0972696726769209,0.180305031090976,9.76684153556824
15.4567428059067,-5.05266867198385,1.2825208902359,-2.42906604069577,-0.596082613430317,-0.216800019145012,-0.237210809886456,0.165100912749769,10.3171677207947
-1.65950567790139,-0.714676447635976,2.63331985473633,-4.25093730781001,2.76669959901069,-0.149615451693535,-0.110919231176376,0.56413667678833,9.82321989059448
1.72458456868088,-1.55515578130143,2.67312550544739,-1.59157337417116,0.911345275170069,-0.128119394183159,-0.101485376954079,0.161267672032119,9.79303297042847
8.41949722498081,-2.03112127842684,2.88784241676331,-0.441617595128014,-0.677619949798906,-0.327556073665619,-0.0540660284459591,0.108935082256795,9.73273600578308
8.482300175393,-2.22917573578663,2.93833827972412,-0.669693660564672,-0.577741926292576,-0.318994224071503,-0.048505820222199,0.0842613790929329,9.76922648429871
-25.2455609232345,-4.11490017338966,1.08125197887421,1.20644378327876,0.484807631876625,-0.0763669312000275,0.425225301980972,1.70850333571434,9.67972773551941
-4.38284475801901,-2.86010123770859,2.78336453437805,1.1069957886145,-0.0279152524542573,-0.207186609506607,-0.111723854839802,0.0901540434360516,9.71298924446106
0.508850853067206,-0.889061637308069,2.94906973838806,-1.50406889953613,0.851699258009254,-0.417932212352753,-0.0922559727728367,0.217210767567159,9.72092865943909
8.75929500903418,-1.21635833415005,2.88406252861023,-0.233936668846673,-0.826358490871691,-0.346455752849579,-0.0491388114541769,0.117189827710392,9.75788084030151
8.92533734544635,-1.411927069905,2.99449348449707,-0.262950034722189,-0.773093752305786,-0.409863173961639,-0.0466145339980722,0.0730809037387382,9.81456157684326
2.19968473725521,-0.316174828990278,2.77888107299805,1.59128602467679,0.658714347080341,-0.187985837459564,-0.097547781392932,0.177984445244075,9.72894394874573
-5.55648588253347,0.769322740794102,2.92278504371643,-0.878125306302752,-0.200431217321998,-0.394297748804092,-0.075424542799592,0.1192803221941,9.72083419799805
0.435360349311574,-0.831584705052222,2.59756517410278,-1.61673019834995,0.918532722299831,-0.0753252655267715,-0.0993521001935005,0.160220724940301,9.88349139213562
8.62663726889839,-1.5053898995979,2.8763120174408,-0.334030353378901,-0.778112004406463,-0.341067969799042,-0.0575481448695064,0.111677690744402,9.7635394859314
-6.34824475566793,0.385427972660357,2.90374851226807,-0.665147976713022,-0.467442344781256,-0.373310118913651,-0.0778912816941738,0.110499556809665,9.7566511631012
-0.841855504963702,-1.84769520284782,2.74655055999756,1.61016572536469,0.619070873068069,-0.174872726202011,-0.119644554778934,0.177443553954364,9.764024143219
14.2986323087846,-5.25517416395191,1.29040086269379,-3.10366393783748,-0.309133256211731,-0.0489887520670891,-0.258838667273521,0.228746151477099,10.271927728653
-3.88515837882741,-2.82005493494258,3.01947212219238,1.07551174909041,0.0912371189271039,-0.459199130535126,-0.101465595513582,0.120083217471839,9.71674951553345
10.8968002290089,-5.24041683379871,1.56373822689056,-4.36724157071806,0.433914548512402,0.266894221305847,-0.314244583249092,0.379542962014676,10.1277004432678
-4.31871577051292,0.905142868763932,2.74368739128113,-1.2512571275433,0.12048895604939,-0.191465705633163,-0.0700800228863955,0.111263221502305,9.84260840415955
15.5556851763136,-5.0263799388794,1.28843772411346,-2.37804487108203,-0.61660072368606,-0.230030626058578,-0.234620753973723,0.158854134082796,10.3239680862427
1.37200679566164,-0.750826681701943,2.93384432792664,1.52559190629608,0.727390615423539,-0.372771561145782,-0.112411176487803,0.17879206314683,9.80294686317444
-1.61466151164271,0.0358171680863782,2.8659360408783,-1.49878824027661,0.712094439198774,-0.274490714073181,-0.0868701013922691,0.165242192149163,9.74932998657227
4.19296308339178,-2.54241058402212,2.70413422584534,-1.55102455914138,0.60363936875834,-0.124420039355755,-0.11386020809412,0.144517367184164,9.76272024154663
7.81658778884651,-2.66200729258608,2.9149341583252,-0.937872828965895,-0.345901742078293,-0.310537099838257,-0.0689699553698301,0.105592651367189,9.78496783256531
2.367709311489,-1.87124307944752,2.68498349189758,-1.58867957844398,0.844780305770683,-0.122415080666542,-0.103405667841435,0.162530447095634,9.781949634552
3.67533414236475,-2.22226244967879,2.92747235298157,-1.47870170111297,0.639288442258119,-0.319587707519531,-0.0881820051372051,0.172732479274274,9.74549286842346
-7.40487725840804,0.744570136028416,4.34895277023315,6.73771596278462,0.929061885955368,1.30785048007965,-0.731217792630196,0.0335529993474496,9.53282705307007
4.93646450143083,0.730920056735966,2.97029781341553,1.43023411175243,0.345790385499647,-0.357489079236984,-0.08306148044765,0.149529826343061,9.70543983459473
-5.24765322427322,-2.83934587324765,2.61519980430603,1.05597998203129,-0.119684275327599,-0.184947952628136,-0.0891022682934999,0.0960242658108485,9.83621817588806
7.91365704870945,-2.6503154637163,2.78348183631897,-0.925801978087391,-0.367234833950583,-0.178376644849777,-0.106837569177151,0.0698066909611236,9.71271679878235
2.16012886994238,-1.77022116918621,2.68509650230408,-1.5867464874829,0.866869076356503,-0.122860550880432,-0.100558030381799,0.164994584918024,9.77621802330017
1.33355329873936,-1.33693984271588,2.6364893913269,-1.60628637568273,0.938257389081242,-0.123537257313728,-0.0993899378925562,0.15931269913912,9.85807574272156
-2.855186068085,0.164979704125422,2.61846446990967,-3.47324279874524,2.37742006987211,-0.210325792431831,-0.0738661327958107,0.471252090334893,9.94788043022156
-6.93539918560995,-0.982018693326176,2.78511381149292,-0.0948434304533305,-0.830534210075221,-0.205818518996239,-0.0833171298354864,0.0794534343481075,9.74314938545227
-1.42316919583689,-2.02383886345791,2.99506616592407,1.49084503152534,0.541981234706482,-0.423301309347153,-0.109079255014658,0.174069429337979,9.72561522483826
-4.25172964043285,-2.81224993192528,2.66381478309631,1.26827443745699,0.118834002169492,-0.205513685941696,-0.0929193779081106,0.125460942685605,9.71792931556702
5.36032797557202,-2.84067866593517,2.93165421485901,-1.33018804199611,0.312904396033092,-0.294159919023514,-0.0653359139710665,0.152424327880145,9.70035991668701
4.13666238113645,0.34163371594951,2.7164466381073,1.49815359424959,0.521220705256011,-0.176455140113831,-0.0973181937634945,0.162128086090089,9.8692866897583
6.43646513548267,0.962444391970379,2.93663620948792,1.19041413403194,0.055988238342072,-0.346120536327362,-0.0716655907779932,0.121114306002856,9.79406615257263
6.05678228072212,0.86807122116265,2.77324342727661,1.24958936267185,0.207987241488608,-0.167963117361069,-0.0962632840126753,0.137908010333778,9.73257762908936
-6.96845310321972,-0.724001645874591,3.0029764175415,-0.0961311397110888,-0.71727310016299,-0.449488461017609,-0.0879121538375815,0.084936855689934,9.64050644159317
3.51722628940525,0.326719713383238,2.71258354187012,1.48494763370673,0.58701752892929,-0.244064584374428,-0.105177172571421,0.198638098984958,9.82600898742676
0.296311918814879,-1.2849966328639,2.75795531272888,1.63508765475064,0.724270995984151,-0.17083615064621,-0.11159679800272,0.184376793056727,9.74498306274414
-5.24544569880259,0.844372878766996,2.9268741607666,-0.965635556888701,-0.0886661120595271,-0.390400350093842,-0.0784137088060379,0.126763348579408,9.70225129127502
1.92753825628147,-0.431865138158093,2.77997350692749,1.59646292588907,0.685896503963084,-0.180223226547241,-0.0969084572792053,0.175329590439798,9.72923803329468
6.53243259167314,1.08012941883099,2.8572371006012,1.06935968440051,-0.0804386808543997,-0.264533907175064,-0.0663052001595497,0.150030637383463,9.59227499961853
-6.18793167863569,0.546238387210142,2.62888526916504,-0.728486067899328,-0.463824847947458,-0.0554206892848015,-0.0612780994921923,0.0266139334067714,9.72829956054688
-2.855186068085,0.164979704125422,2.61846446990967,-3.47324279874524,2.37742006987211,-0.210325792431831,-0.0738661327958107,0.471252090334893,9.94788043022156
7.69120338536718,0.829467576409818,2.80907797813416,0.92079780410898,-0.270231133381321,-0.205840840935707,-0.0922161819785833,0.0894082017987978,9.7694474029541
13.6451499568289,-5.30624841734934,1.31855356693268,-3.39833136274022,-0.162858048866021,0.0254069454967976,-0.274410146176815,0.268051930665971,10.2494403362274
-1.05692825101429,-1.80506052840942,2.66959953308105,1.47330286019316,0.632269445527261,-0.207142159342766,-0.0935201996564865,0.182470803260804,9.7746079158783
8.42875320440865,0.389885647870122,2.80639457702637,0.527538630016661,-0.558560232867838,-0.211371451616287,-0.0780498115718365,0.0571505850553524,9.76024154663086
14.1712632947826,-5.27383205846694,1.29040086269379,-3.15215996019995,-0.286236308341943,-0.0373072139918804,-0.261031122207642,0.234703156799079,10.2692488574982
-6.2134932918818,0.862642709942308,4.62881755828857,6.9338711473361,0.817600876934836,1.23526632785797,-0.744520924091339,-0.0206987739354361,9.3826481628418
6.9094710712911,1.03931575010982,2.8741283416748,1.02272343791856,-0.1694389156696,-0.309542626142502,-0.0603614259883761,0.146710062175991,9.63560231208801
5.80149351776075,0.88375223709193,2.96217441558838,1.31876967451903,0.192922251101235,-0.360707730054855,-0.0747350008040667,0.137162002623083,9.74618514060974
8.79301005568426,-1.92754189854456,2.72270321846008,-0.552078608880581,-0.671317641551943,-0.139687895774841,-0.0926221554726362,0.0632170893251907,9.80530141830445
-5.22318919537577,0.845948132712369,2.9268741607666,-0.978123973627223,-0.0754394615897419,-0.389381408691406,-0.0791442676633596,0.128494403064252,9.70212578773499
-1.41567685225941,-1.9654515663086,2.67214751243591,1.47919306958036,0.600312659909008,-0.20874810218811,-0.089752064794302,0.17571624711156,9.75623700141907
6.74860716141232,0.931501705945359,2.79949736595154,1.15993167056456,0.0125075443929588,-0.18709035217762,-0.0958962581306696,0.123535172492267,9.73314274787903
-6.60265225652466,0.121529500410112,2.56248736381531,-0.464594894873234,-0.687215554415176,-0.0743608623743057,-0.0630306329391897,0.0304783992469323,9.89823391914368
-5.73883404888761,1.75444990071002,2.55657768249512,-0.202012881192203,-0.632991219698579,-0.152101263403893,-0.0868151191622019,0.0244889631867421,9.69742995262146
6.23880092431679,1.08345373834708,2.81902122497559,1.11726370388551,-0.0008752871749465,-0.230695396661758,-0.0669910301268101,0.154932589679958,9.61299659729004
-23.4215182460207,-3.30598343597853,0.940822958946228,1.79803394391567,0.868332953798713,-0.0921287164092064,0.177885245233774,1.2635593855381,9.7346187877655
7.50885425923327,0.840668271489581,2.90533185005188,0.917345928253953,-0.272039030773998,-0.295155495405197,-0.0665617720037699,0.102041982561351,9.78883588790894
-0.953138048051079,-1.85557151527666,2.99195384979248,1.54319493047718,0.587385742588774,-0.41613045334816,-0.111524528861046,0.179926899373533,9.74462273597717
-5.60596069731592,-2.65256350418914,2.70150375366211,0.80736763669463,-0.462038922072035,-0.155466392636299,-0.0797233885526657,0.0760998304188262,9.79328464508057
-1.61466151164271,0.0358171680863782,2.8659360408783,-1.49878824027661,0.712094439198774,-0.274490714073181,-0.0868701013922691,0.165242192149163,9.74932998657227
7.00389593466453,0.915820714606484,2.80676317214966,1.11752822587945,-0.0643308492650266,-0.192487880587578,-0.09324946641922,0.116250578910114,9.73488245010376
-4.68639267163371,-2.87676410133912,3.00834226608276,0.969946646628163,-0.058977068300515,-0.437295526266098,-0.0977077147364616,0.113411801457406,9.68387022018433
-4.72175676745375,0.915188054277594,2.66861271858215,-1.14793080093413,0.0326172110389966,-0.144242465496063,-0.0728060642629862,0.0607175917550933,9.82617562294007
-5.3658722713647,1.91102534018085,2.49509406089783,-1.07412242402978,0.470070116046463,-0.158710896968842,-0.031373085565865,0.146912815421821,10.1244997978211
7.59788029985935,0.846969398443787,2.87407755851746,0.853539220984958,-0.371038753182183,-0.350422829389572,-0.0571193757653236,0.127384784966708,9.73849570274353
-4.231346221857,-2.82527150070246,2.76785373687744,1.13784004138324,0.0118641716846706,-0.216531932353973,-0.11165890827775,0.0943696762621415,9.7466166305542
8.3779590366385,-2.12566823174712,2.89533805847168,-0.467675275895982,-0.652653909575485,-0.328947991132736,-0.0543500876799226,0.106166407912971,9.71585647583008
-2.89948134275509,-2.58636314576591,2.98917436599731,1.24666614649258,0.316483697009313,-0.424433946609497,-0.103626108914614,0.14597562223673,9.77010741233826
-6.62248482536644,0.0815544747803103,2.56248736381531,-0.446238148198076,-0.700170882737257,-0.0684383437037468,-0.062657497599721,0.032339219003917,9.90023597717285
-0.781695485715597,-0.233083862493979,2.58619594573975,-1.55571032150153,0.744204669467732,-0.0389887951314449,-0.102011026144028,0.141519015133382,9.82420718193054
2.72172118177048,-0.0863694584051973,2.9370322227478,1.541106704871,0.66114175122239,-0.323066174983978,-0.104954662621021,0.169404334127904,9.70083306312561
-1.64837875119047,-2.17477832523981,2.74352097511291,1.57241173434944,0.478107583160974,-0.175825968384743,-0.114302181005478,0.161519047915937,9.7621293258667
4.03584698985056,0.300748269076449,2.72365927696228,1.51172572319139,0.527258030715694,-0.181077003479004,-0.0967455118149519,0.167829917520286,9.85141721725464
-2.77696027192868,-2.49090591301199,2.73227453231812,1.45834099482303,0.296178926969158,-0.158125340938568,-0.110013461783528,0.145165699869396,9.7480382347107
-6.88163158220308,-1.47964052855673,2.93960285186768,0.219807065124984,-0.777612753196133,-0.433441311120987,-0.0856912240386009,0.0956137308478367,9.78947355270386
4.41420599556657,-2.59425127890846,2.70357489585876,-1.53158449309876,0.575275334312702,-0.121223971247673,-0.107519826367498,0.139013241529466,9.76051340103149
2.10691253863479,-0.351669557178392,2.78115081787109,1.59296018313981,0.669748267661352,-0.184379249811173,-0.097808526083827,0.178232135027648,9.72244345664978
-4.64243049688625,-2.82061699314024,2.65147042274475,1.21076306146737,0.0509808192978174,-0.190720364451408,-0.0925504741072655,0.117688476145268,9.71980328559875
7.33157346781873,0.948656052722395,2.88696908950806,0.925922526382133,-0.289507080342204,-0.337156176567078,-0.0572184243425727,0.132706825584174,9.68863809585571
-5.90576241482039,-2.64003268670559,2.98790860176086,0.672266214730116,-0.432991403013127,-0.421174794435501,-0.0961061227321625,0.104127689301969,9.67713696479797
0.679961451927392,-0.987843410609565,2.95971059799194,-1.50688071265458,0.852812225105219,-0.415961384773254,-0.0897055828571319,0.21987076163292,9.68447427749634
8.77483080660462,-0.178653874179307,3.01762938499451,0.319447263138149,-0.716996942176355,-0.407449573278427,-0.0557547906041145,0.0730781789124023,9.77516066551208
1.12597287091247,-1.23591791511327,2.97025990486145,-1.51105483008968,0.838543967902071,-0.396105647087097,-0.0881566062569618,0.219020920991899,9.63523048400879
-5.27795292909261,-2.84631181684303,2.9941771030426,0.817379534682033,-0.206933521958854,-0.436301946640015,-0.0998527306318283,0.101600485891105,9.70362022399902
-6.51285485781938,0.248420515032254,2.91555666923523,-0.583926550706326,-0.519549010980122,-0.369100868701935,-0.0784910927712917,0.103748599588872,9.69853090286255
8.83289559210993,-1.67400512015907,2.95874094963074,-0.387579191602369,-0.724938679272447,-0.377647876739502,-0.0473191517591477,0.0758077105879794,9.83762541770935
-5.59482877740183,0.756966104609797,2.92278504371643,-0.872522980904633,-0.208957815611144,-0.394463658332825,-0.0761545972526073,0.120025446116926,9.71917490959168
